POSICAO;MARCA/MODELO;UNIDADES;ANO;MES;CATEGORIA;COL_AUXILIAR;MARCA;MODELO
1;GM/ONIX;10567;2021;1;AUTOMOVEIS NOVOS;3;GM;ONIX
2;HYUNDAI/HB20;7936;2021;1;AUTOMOVEIS NOVOS;8;HYUNDAI;HB20
3;GM/ONIX-PLUS;7139;2021;1;AUTOMOVEIS NOVOS;3;GM;ONIX-PLUS
4;JEEP/RENEGADE;7091;2021;1;AUTOMOVEIS NOVOS;5;JEEP;RENEGADE
5;VW/GOL;6277;2021;1;AUTOMOVEIS NOVOS;3;VW;GOL
6;VW/T-CROSS;5241;2021;1;AUTOMOVEIS NOVOS;3;VW;T-CROSS
7;JEEP/COMPASS;5029;2021;1;AUTOMOVEIS NOVOS;5;JEEP;COMPASS
8;FIAT/ARGO;5021;2021;1;AUTOMOVEIS NOVOS;5;FIAT;ARGO
9;FIAT/MOBI;4784;2021;1;AUTOMOVEIS NOVOS;5;FIAT;MOBI
10;GM/TRACKER;4593;2021;1;AUTOMOVEIS NOVOS;3;GM;TRACKER
11;HYUNDAI/CRETA;4067;2021;1;AUTOMOVEIS NOVOS;8;HYUNDAI;CRETA
12;RENAULT/KWID;3896;2021;1;AUTOMOVEIS NOVOS;8;RENAULT;KWID
13;VW/NIVUS;3481;2021;1;AUTOMOVEIS NOVOS;3;VW;NIVUS
14;FORD/KA;3433;2021;1;AUTOMOVEIS NOVOS;5;FORD;KA
15;NISSAN/KICKS;3072;2021;1;AUTOMOVEIS NOVOS;7;NISSAN;KICKS
16;HONDA/HR-V;2658;2021;1;AUTOMOVEIS NOVOS;6;HONDA;HR-V
17;VW/POLO;2460;2021;1;AUTOMOVEIS NOVOS;3;VW;POLO
18;TOYOTA/COROLLA;2224;2021;1;AUTOMOVEIS NOVOS;7;TOYOTA;COROLLA
19;VW/VOYAGE;2192;2021;1;AUTOMOVEIS NOVOS;3;VW;VOYAGE
20;FIAT/UNO;2059;2021;1;AUTOMOVEIS NOVOS;5;FIAT;UNO
21;HYUNDAI/HB20S;1915;2021;1;AUTOMOVEIS NOVOS;8;HYUNDAI;HB20S
22;VW/VIRTUS;1903;2021;1;AUTOMOVEIS NOVOS;3;VW;VIRTUS
23;TOYOTA/YARIS-HB;1838;2021;1;AUTOMOVEIS NOVOS;7;TOYOTA;YARIS-HB
24;HONDA/CIVIC;1732;2021;1;AUTOMOVEIS NOVOS;6;HONDA;CIVIC
25;FORD/ECOSPORT;1576;2021;1;AUTOMOVEIS NOVOS;5;FORD;ECOSPORT
26;RENAULT/DUSTER;1536;2021;1;AUTOMOVEIS NOVOS;8;RENAULT;DUSTER
27;TOYOTA/YARIS-SEDAN;1461;2021;1;AUTOMOVEIS NOVOS;7;TOYOTA;YARIS-SEDAN
28;VW/CROSSFOX;1283;2021;1;AUTOMOVEIS NOVOS;3;VW;CROSSFOX
29;FIAT/SIENA;1257;2021;1;AUTOMOVEIS NOVOS;5;FIAT;SIENA
30;RENAULT/SANDERO;1184;2021;1;AUTOMOVEIS NOVOS;8;RENAULT;SANDERO
31;RENAULT/CAPTUR;1159;2021;1;AUTOMOVEIS NOVOS;8;RENAULT;CAPTUR
32;RENAULT/LOGAN;1153;2021;1;AUTOMOVEIS NOVOS;8;RENAULT;LOGAN
33;NISSAN/VERSA;1094;2021;1;AUTOMOVEIS NOVOS;7;NISSAN;VERSA
34;FIAT/CRONOS;1031;2021;1;AUTOMOVEIS NOVOS;5;FIAT;CRONOS
35;CAOACHERY/TIGGO5X;961;2021;1;AUTOMOVEIS NOVOS;10;CAOACHERY;TIGGO5X
36;FORD/KA-SEDAN;934;2021;1;AUTOMOVEIS NOVOS;5;FORD;KA-SEDAN
37;HONDA/FIT;818;2021;1;AUTOMOVEIS NOVOS;6;HONDA;FIT
38;NISSAN/V-DRIVE;795;2021;1;AUTOMOVEIS NOVOS;7;NISSAN;V-DRIVE
39;GM/SPIN;782;2021;1;AUTOMOVEIS NOVOS;3;GM;SPIN
40;PEUGEOT/208;778;2021;1;AUTOMOVEIS NOVOS;8;PEUGEOT;208
41;TOYOTA/HILUX-SW4;701;2021;1;AUTOMOVEIS NOVOS;7;TOYOTA;HILUX-SW4
42;HONDA/CITY;604;2021;1;AUTOMOVEIS NOVOS;6;HONDA;CITY
43;HONDA/WR-V;569;2021;1;AUTOMOVEIS NOVOS;6;HONDA;WR-V
44;VW/UP;514;2021;1;AUTOMOVEIS NOVOS;3;VW;UP
45;CITROEN/C4-CACTUS;487;2021;1;AUTOMOVEIS NOVOS;8;CITROEN;C4-CACTUS
46;PEUGEOT/2008;420;2021;1;AUTOMOVEIS NOVOS;8;PEUGEOT;2008
47;CAOACHERY/TIGGO;420;2021;1;AUTOMOVEIS NOVOS;10;CAOACHERY;TIGGO
48;CAOACHERY/TIGGO8;404;2021;1;AUTOMOVEIS NOVOS;10;CAOACHERY;TIGGO8
49;VW/JETTA;402;2021;1;AUTOMOVEIS NOVOS;3;VW;JETTA
50;GM/TRAILBLAZER;398;2021;1;AUTOMOVEIS NOVOS;3;GM;TRAILBLAZER
1;GM/ONIX;10261;2021;2;AUTOMOVEIS NOVOS;3;GM;ONIX
2;HYUNDAI/HB20;7717;2021;2;AUTOMOVEIS NOVOS;8;HYUNDAI;HB20
3;GM/ONIX-PLUS;6501;2021;2;AUTOMOVEIS NOVOS;3;GM;ONIX-PLUS
4;FIAT/ARGO;6221;2021;2;AUTOMOVEIS NOVOS;5;FIAT;ARGO
5;FIAT/MOBI;6015;2021;2;AUTOMOVEIS NOVOS;5;FIAT;MOBI
6;VW/GOL;5847;2021;2;AUTOMOVEIS NOVOS;3;VW;GOL
7;JEEP/RENEGADE;5834;2021;2;AUTOMOVEIS NOVOS;5;JEEP;RENEGADE
8;VW/T-CROSS;5524;2021;2;AUTOMOVEIS NOVOS;3;VW;T-CROSS
9;GM/TRACKER;5042;2021;2;AUTOMOVEIS NOVOS;3;GM;TRACKER
10;RENAULT/KWID;4905;2021;2;AUTOMOVEIS NOVOS;8;RENAULT;KWID
11;HYUNDAI/CRETA;4826;2021;2;AUTOMOVEIS NOVOS;8;HYUNDAI;CRETA
12;JEEP/COMPASS;4634;2021;2;AUTOMOVEIS NOVOS;5;JEEP;COMPASS
13;HONDA/HR-V;3703;2021;2;AUTOMOVEIS NOVOS;6;HONDA;HR-V
14;VW/NIVUS;3467;2021;2;AUTOMOVEIS NOVOS;3;VW;NIVUS
15;NISSAN/KICKS;3230;2021;2;AUTOMOVEIS NOVOS;7;NISSAN;KICKS
16;TOYOTA/COROLLA;2817;2021;2;AUTOMOVEIS NOVOS;7;TOYOTA;COROLLA
17;VW/POLO;2555;2021;2;AUTOMOVEIS NOVOS;3;VW;POLO
18;VW/VIRTUS;2162;2021;2;AUTOMOVEIS NOVOS;3;VW;VIRTUS
19;VW/VOYAGE;2107;2021;2;AUTOMOVEIS NOVOS;3;VW;VOYAGE
20;FIAT/UNO;1963;2021;2;AUTOMOVEIS NOVOS;5;FIAT;UNO
21;TOYOTA/YARIS-HB;1963;2021;2;AUTOMOVEIS NOVOS;7;TOYOTA;YARIS-HB
22;HYUNDAI/HB20S;1934;2021;2;AUTOMOVEIS NOVOS;8;HYUNDAI;HB20S
23;HONDA/CIVIC;1677;2021;2;AUTOMOVEIS NOVOS;6;HONDA;CIVIC
24;FORD/KA;1488;2021;2;AUTOMOVEIS NOVOS;5;FORD;KA
25;RENAULT/DUSTER;1436;2021;2;AUTOMOVEIS NOVOS;8;RENAULT;DUSTER
26;TOYOTA/YARIS-SEDAN;1391;2021;2;AUTOMOVEIS NOVOS;7;TOYOTA;YARIS-SEDAN
27;VW/CROSSFOX;1309;2021;2;AUTOMOVEIS NOVOS;3;VW;CROSSFOX
28;RENAULT/SANDERO;1279;2021;2;AUTOMOVEIS NOVOS;8;RENAULT;SANDERO
29;FIAT/SIENA;1198;2021;2;AUTOMOVEIS NOVOS;5;FIAT;SIENA
30;RENAULT/LOGAN;1023;2021;2;AUTOMOVEIS NOVOS;8;RENAULT;LOGAN
31;NISSAN/VERSA;1015;2021;2;AUTOMOVEIS NOVOS;7;NISSAN;VERSA
32;TOYOTA/HILUX-SW4;846;2021;2;AUTOMOVEIS NOVOS;7;TOYOTA;HILUX-SW4
33;HONDA/WR-V;830;2021;2;AUTOMOVEIS NOVOS;6;HONDA;WR-V
34;VW/UP;762;2021;2;AUTOMOVEIS NOVOS;3;VW;UP
35;GM/SPIN;717;2021;2;AUTOMOVEIS NOVOS;3;GM;SPIN
36;CAOACHERY/TIGGO5X;642;2021;2;AUTOMOVEIS NOVOS;10;CAOACHERY;TIGGO5X
37;PEUGEOT/208;628;2021;2;AUTOMOVEIS NOVOS;8;PEUGEOT;208
38;NISSAN/V-DRIVE;623;2021;2;AUTOMOVEIS NOVOS;7;NISSAN;V-DRIVE
39;CITROEN/C4-CACTUS;587;2021;2;AUTOMOVEIS NOVOS;8;CITROEN;C4-CACTUS
40;HONDA/FIT;556;2021;2;AUTOMOVEIS NOVOS;6;HONDA;FIT
41;HONDA/CITY;545;2021;2;AUTOMOVEIS NOVOS;6;HONDA;CITY
42;FORD/ECOSPORT;526;2021;2;AUTOMOVEIS NOVOS;5;FORD;ECOSPORT
43;FIAT/CRONOS;450;2021;2;AUTOMOVEIS NOVOS;5;FIAT;CRONOS
44;FIAT/DOBLO;439;2021;2;AUTOMOVEIS NOVOS;5;FIAT;DOBLO
45;RENAULT/CAPTUR;422;2021;2;AUTOMOVEIS NOVOS;8;RENAULT;CAPTUR
46;VW/JETTA;318;2021;2;AUTOMOVEIS NOVOS;3;VW;JETTA
47;BMW/325I;314;2021;2;AUTOMOVEIS NOVOS;4;BMW;325I
48;HYUNDAI/IX35;308;2021;2;AUTOMOVEIS NOVOS;8;HYUNDAI;IX35
49;CAOACHERY/TIGGO8;300;2021;2;AUTOMOVEIS NOVOS;10;CAOACHERY;TIGGO8
50;CAOACHERY/TIGGO2;87;2021;2;AUTOMOVEIS NOVOS;10;CAOACHERY;TIGGO2
1;HYUNDAI/HB20;8012;2021;3;AUTOMOVEIS NOVOS;8;HYUNDAI;HB20
2;GM/ONIX;7933;2021;3;AUTOMOVEIS NOVOS;3;GM;ONIX
3;VW/GOL;6891;2021;3;AUTOMOVEIS NOVOS;3;VW;GOL
4;FIAT/MOBI;6725;2021;3;AUTOMOVEIS NOVOS;5;FIAT;MOBI
5;GM/TRACKER;6410;2021;3;AUTOMOVEIS NOVOS;3;GM;TRACKER
6;JEEP/RENEGADE;6186;2021;3;AUTOMOVEIS NOVOS;5;JEEP;RENEGADE
7;HYUNDAI/CRETA;6173;2021;3;AUTOMOVEIS NOVOS;8;HYUNDAI;CRETA
8;GM/ONIX-PLUS;5450;2021;3;AUTOMOVEIS NOVOS;3;GM;ONIX-PLUS
9;VW/T-CROSS;5289;2021;3;AUTOMOVEIS NOVOS;3;VW;T-CROSS
10;JEEP/COMPASS;5211;2021;3;AUTOMOVEIS NOVOS;5;JEEP;COMPASS
11;RENAULT/KWID;5094;2021;3;AUTOMOVEIS NOVOS;8;RENAULT;KWID
12;FIAT/ARGO;4995;2021;3;AUTOMOVEIS NOVOS;5;FIAT;ARGO
13;FIAT/UNO;4451;2021;3;AUTOMOVEIS NOVOS;5;FIAT;UNO
14;TOYOTA/COROLLA;4109;2021;3;AUTOMOVEIS NOVOS;7;TOYOTA;COROLLA
15;VW/NIVUS;3918;2021;3;AUTOMOVEIS NOVOS;3;VW;NIVUS
16;HONDA/HR-V;3728;2021;3;AUTOMOVEIS NOVOS;6;HONDA;HR-V
17;VW/VOYAGE;3695;2021;3;AUTOMOVEIS NOVOS;3;VW;VOYAGE
18;NISSAN/KICKS;3136;2021;3;AUTOMOVEIS NOVOS;7;NISSAN;KICKS
19;VW/POLO;3076;2021;3;AUTOMOVEIS NOVOS;3;VW;POLO
20;VW/CROSSFOX;2691;2021;3;AUTOMOVEIS NOVOS;3;VW;CROSSFOX
21;RENAULT/DUSTER;2624;2021;3;AUTOMOVEIS NOVOS;8;RENAULT;DUSTER
22;VW/VIRTUS;2606;2021;3;AUTOMOVEIS NOVOS;3;VW;VIRTUS
23;TOYOTA/YARIS-HB;2281;2021;3;AUTOMOVEIS NOVOS;7;TOYOTA;YARIS-HB
24;HYUNDAI/HB20S;2010;2021;3;AUTOMOVEIS NOVOS;8;HYUNDAI;HB20S
25;FIAT/SIENA;1351;2021;3;AUTOMOVEIS NOVOS;5;FIAT;SIENA
26;TOYOTA/YARIS-SEDAN;1268;2021;3;AUTOMOVEIS NOVOS;7;TOYOTA;YARIS-SEDAN
27;FORD/KA;1257;2021;3;AUTOMOVEIS NOVOS;5;FORD;KA
28;RENAULT/SANDERO;1251;2021;3;AUTOMOVEIS NOVOS;8;RENAULT;SANDERO
29;HONDA/WR-V;1209;2021;3;AUTOMOVEIS NOVOS;6;HONDA;WR-V
30;CITROEN/C4-CACTUS;1125;2021;3;AUTOMOVEIS NOVOS;8;CITROEN;C4-CACTUS
31;NISSAN/VERSA;1085;2021;3;AUTOMOVEIS NOVOS;7;NISSAN;VERSA
32;TOYOTA/HILUX-SW4;1057;2021;3;AUTOMOVEIS NOVOS;7;TOYOTA;HILUX-SW4
33;GM/SPIN;1032;2021;3;AUTOMOVEIS NOVOS;3;GM;SPIN
34;HONDA/CIVIC;1017;2021;3;AUTOMOVEIS NOVOS;6;HONDA;CIVIC
35;RENAULT/LOGAN;1014;2021;3;AUTOMOVEIS NOVOS;8;RENAULT;LOGAN
36;CAOACHERY/TIGGO5X;822;2021;3;AUTOMOVEIS NOVOS;10;CAOACHERY;TIGGO5X
37;FIAT/CRONOS;807;2021;3;AUTOMOVEIS NOVOS;5;FIAT;CRONOS
38;PEUGEOT/208;778;2021;3;AUTOMOVEIS NOVOS;8;PEUGEOT;208
39;PEUGEOT/2008;709;2021;3;AUTOMOVEIS NOVOS;8;PEUGEOT;2008
40;HONDA/CITY;635;2021;3;AUTOMOVEIS NOVOS;6;HONDA;CITY
41;CAOACHERY/TIGGO8;623;2021;3;AUTOMOVEIS NOVOS;10;CAOACHERY;TIGGO8
42;BMW/325I;571;2021;3;AUTOMOVEIS NOVOS;4;BMW;325I
43;FIAT/DOBLO;565;2021;3;AUTOMOVEIS NOVOS;5;FIAT;DOBLO
44;VW/UP;563;2021;3;AUTOMOVEIS NOVOS;3;VW;UP
45;HONDA/FIT;520;2021;3;AUTOMOVEIS NOVOS;6;HONDA;FIT
46;RENAULT/CAPTUR;510;2021;3;AUTOMOVEIS NOVOS;8;RENAULT;CAPTUR
47;VW/TIGUAN;462;2021;3;AUTOMOVEIS NOVOS;3;VW;TIGUAN
48;CAOACHERY/TIGGO;428;2021;3;AUTOMOVEIS NOVOS;10;CAOACHERY;TIGGO
49;TOYOTA/ETIOS-SEDAN;393;2021;3;AUTOMOVEIS NOVOS;7;TOYOTA;ETIOS-SEDAN
50;NISSAN/V-DRIVE;3;2021;3;AUTOMOVEIS NOVOS;7;NISSAN;V-DRIVE
1;FIAT/MOBI;6861;2021;4;AUTOMOVEIS NOVOS;5;FIAT;MOBI
2;HYUNDAI/HB20;6849;2021;4;AUTOMOVEIS NOVOS;8;HYUNDAI;HB20
3;JEEP/RENEGADE;6634;2021;4;AUTOMOVEIS NOVOS;5;JEEP;RENEGADE
4;VW/GOL;6420;2021;4;AUTOMOVEIS NOVOS;3;VW;GOL
5;GM/ONIX;6402;2021;4;AUTOMOVEIS NOVOS;3;GM;ONIX
6;HYUNDAI/CRETA;5544;2021;4;AUTOMOVEIS NOVOS;8;HYUNDAI;CRETA
7;JEEP/COMPASS;5504;2021;4;AUTOMOVEIS NOVOS;5;JEEP;COMPASS
8;FIAT/ARGO;5383;2021;4;AUTOMOVEIS NOVOS;5;FIAT;ARGO
9;GM/TRACKER;5377;2021;4;AUTOMOVEIS NOVOS;3;GM;TRACKER
10;GM/ONIX-PLUS;4896;2021;4;AUTOMOVEIS NOVOS;3;GM;ONIX-PLUS
11;RENAULT/KWID;4358;2021;4;AUTOMOVEIS NOVOS;8;RENAULT;KWID
12;VW/T-CROSS;4325;2021;4;AUTOMOVEIS NOVOS;3;VW;T-CROSS
13;NISSAN/KICKS;3602;2021;4;AUTOMOVEIS NOVOS;7;NISSAN;KICKS
14;TOYOTA/COROLLA;3418;2021;4;AUTOMOVEIS NOVOS;7;TOYOTA;COROLLA
15;VW/NIVUS;3413;2021;4;AUTOMOVEIS NOVOS;3;VW;NIVUS
16;HONDA/HR-V;3095;2021;4;AUTOMOVEIS NOVOS;6;HONDA;HR-V
17;VW/POLO;2516;2021;4;AUTOMOVEIS NOVOS;3;VW;POLO
18;VW/VOYAGE;2437;2021;4;AUTOMOVEIS NOVOS;3;VW;VOYAGE
19;RENAULT/DUSTER;2414;2021;4;AUTOMOVEIS NOVOS;8;RENAULT;DUSTER
20;VW/VIRTUS;2345;2021;4;AUTOMOVEIS NOVOS;3;VW;VIRTUS
21;VW/CROSSFOX;2057;2021;4;AUTOMOVEIS NOVOS;3;VW;CROSSFOX
22;TOYOTA/YARIS-HB;1949;2021;4;AUTOMOVEIS NOVOS;7;TOYOTA;YARIS-HB
23;TOYOTA/COROLLA-CROSS;1889;2021;4;AUTOMOVEIS NOVOS;7;TOYOTA;COROLLA-CROSS
24;HYUNDAI/HB20S;1721;2021;4;AUTOMOVEIS NOVOS;8;HYUNDAI;HB20S
25;FIAT/UNO;1569;2021;4;AUTOMOVEIS NOVOS;5;FIAT;UNO
26;CITROEN/C4-CACTUS;1452;2021;4;AUTOMOVEIS NOVOS;8;CITROEN;C4-CACTUS
27;RENAULT/SANDERO;1295;2021;4;AUTOMOVEIS NOVOS;8;RENAULT;SANDERO
28;TOYOTA/HILUX-SW4;1180;2021;4;AUTOMOVEIS NOVOS;7;TOYOTA;HILUX-SW4
29;GM/SPIN;1134;2021;4;AUTOMOVEIS NOVOS;3;GM;SPIN
30;RENAULT/LOGAN;1075;2021;4;AUTOMOVEIS NOVOS;8;RENAULT;LOGAN
31;TOYOTA/YARIS-SEDAN;1026;2021;4;AUTOMOVEIS NOVOS;7;TOYOTA;YARIS-SEDAN
32;FIAT/SIENA;999;2021;4;AUTOMOVEIS NOVOS;5;FIAT;SIENA
33;CAOACHERY/TIGGO5X;993;2021;4;AUTOMOVEIS NOVOS;10;CAOACHERY;TIGGO5X
34;PEUGEOT/208;991;2021;4;AUTOMOVEIS NOVOS;8;PEUGEOT;208
35;NISSAN/VERSA;948;2021;4;AUTOMOVEIS NOVOS;7;NISSAN;VERSA
36;FORD/KA;930;2021;4;AUTOMOVEIS NOVOS;5;FORD;KA
37;HONDA/CIVIC;859;2021;4;AUTOMOVEIS NOVOS;6;HONDA;CIVIC
38;HONDA/WR-V;848;2021;4;AUTOMOVEIS NOVOS;6;HONDA;WR-V
39;CAOACHERY/TIGGO8;702;2021;4;AUTOMOVEIS NOVOS;10;CAOACHERY;TIGGO8
40;FIAT/CRONOS;591;2021;4;AUTOMOVEIS NOVOS;5;FIAT;CRONOS
41;VW/TIGUAN;569;2021;4;AUTOMOVEIS NOVOS;3;VW;TIGUAN
42;HONDA/CITY;520;2021;4;AUTOMOVEIS NOVOS;6;HONDA;CITY
43;HONDA/FIT;506;2021;4;AUTOMOVEIS NOVOS;6;HONDA;FIT
44;BMW/320I;502;2021;4;AUTOMOVEIS NOVOS;4;BMW;320I
45;TOYOTA/ETIOS-SEDAN;406;2021;4;AUTOMOVEIS NOVOS;7;TOYOTA;ETIOS-SEDAN
46;PEUGEOT/2008;400;2021;4;AUTOMOVEIS NOVOS;8;PEUGEOT;2008
47;VW/JETTA;360;2021;4;AUTOMOVEIS NOVOS;3;VW;JETTA
48;RENAULT/CAPTUR;355;2021;4;AUTOMOVEIS NOVOS;8;RENAULT;CAPTUR
49;NISSAN/V-DRIVE;329;2021;4;AUTOMOVEIS NOVOS;7;NISSAN;V-DRIVE
50;VOLVO/XC40;3;2021;4;AUTOMOVEIS NOVOS;6;VOLVO;XC40
1;FIAT/ARGO;10929;2021;5;AUTOMOVEIS NOVOS;5;FIAT;ARGO
2;FIAT/MOBI;7443;2021;5;AUTOMOVEIS NOVOS;5;FIAT;MOBI
3;JEEP/RENEGADE;7361;2021;5;AUTOMOVEIS NOVOS;5;JEEP;RENEGADE
4;HYUNDAI/HB20;7290;2021;5;AUTOMOVEIS NOVOS;8;HYUNDAI;HB20
5;HYUNDAI/CRETA;6983;2021;5;AUTOMOVEIS NOVOS;8;HYUNDAI;CRETA
6;VW/GOL;6795;2021;5;AUTOMOVEIS NOVOS;3;VW;GOL
7;JEEP/COMPASS;6135;2021;5;AUTOMOVEIS NOVOS;5;JEEP;COMPASS
8;VW/T-CROSS;5486;2021;5;AUTOMOVEIS NOVOS;3;VW;T-CROSS
9;RENAULT/KWID;4852;2021;5;AUTOMOVEIS NOVOS;8;RENAULT;KWID
10;GM/TRACKER;4718;2021;5;AUTOMOVEIS NOVOS;3;GM;TRACKER
11;GM/ONIX;3820;2021;5;AUTOMOVEIS NOVOS;3;GM;ONIX
12;TOYOTA/COROLLA;3790;2021;5;AUTOMOVEIS NOVOS;7;TOYOTA;COROLLA
13;TOYOTA/COROLLA-CROSS;3678;2021;5;AUTOMOVEIS NOVOS;7;TOYOTA;COROLLA-CROSS
14;GM/ONIX-PLUS;3367;2021;5;AUTOMOVEIS NOVOS;3;GM;ONIX-PLUS
15;HONDA/HR-V;3095;2021;5;AUTOMOVEIS NOVOS;6;HONDA;HR-V
16;NISSAN/KICKS;2879;2021;5;AUTOMOVEIS NOVOS;7;NISSAN;KICKS
17;VW/VOYAGE;2850;2021;5;AUTOMOVEIS NOVOS;3;VW;VOYAGE
18;VW/NIVUS;2836;2021;5;AUTOMOVEIS NOVOS;3;VW;NIVUS
19;FIAT/UNO;2666;2021;5;AUTOMOVEIS NOVOS;5;FIAT;UNO
20;RENAULT/DUSTER;2588;2021;5;AUTOMOVEIS NOVOS;8;RENAULT;DUSTER
21;VW/CROSSFOX;2404;2021;5;AUTOMOVEIS NOVOS;3;VW;CROSSFOX
22;GM/SPIN;2362;2021;5;AUTOMOVEIS NOVOS;3;GM;SPIN
23;TOYOTA/YARIS-HB;2176;2021;5;AUTOMOVEIS NOVOS;7;TOYOTA;YARIS-HB
24;VW/POLO;2093;2021;5;AUTOMOVEIS NOVOS;3;VW;POLO
25;VW/VIRTUS;2058;2021;5;AUTOMOVEIS NOVOS;3;VW;VIRTUS
26;FIAT/CRONOS;1968;2021;5;AUTOMOVEIS NOVOS;5;FIAT;CRONOS
27;HYUNDAI/HB20S;1934;2021;5;AUTOMOVEIS NOVOS;8;HYUNDAI;HB20S
28;HONDA/CIVIC;1529;2021;5;AUTOMOVEIS NOVOS;6;HONDA;CIVIC
29;CITROEN/C4-CACTUS;1500;2021;5;AUTOMOVEIS NOVOS;8;CITROEN;C4-CACTUS
30;RENAULT/SANDERO;1309;2021;5;AUTOMOVEIS NOVOS;8;RENAULT;SANDERO
31;TOYOTA/YARIS-SEDAN;1223;2021;5;AUTOMOVEIS NOVOS;7;TOYOTA;YARIS-SEDAN
32;RENAULT/LOGAN;1198;2021;5;AUTOMOVEIS NOVOS;8;RENAULT;LOGAN
33;FIAT/SIENA;1164;2021;5;AUTOMOVEIS NOVOS;5;FIAT;SIENA
34;PEUGEOT/208;1141;2021;5;AUTOMOVEIS NOVOS;8;PEUGEOT;208
35;CAOACHERY/TIGGO5X;1133;2021;5;AUTOMOVEIS NOVOS;10;CAOACHERY;TIGGO5X
36;TOYOTA/HILUX-SW4;1087;2021;5;AUTOMOVEIS NOVOS;7;TOYOTA;HILUX-SW4
37;HONDA/WR-V;963;2021;5;AUTOMOVEIS NOVOS;6;HONDA;WR-V
38;CAOACHERY/TIGGO8;846;2021;5;AUTOMOVEIS NOVOS;10;CAOACHERY;TIGGO8
39;NISSAN/VERSA;798;2021;5;AUTOMOVEIS NOVOS;7;NISSAN;VERSA
40;PEUGEOT/2008;781;2021;5;AUTOMOVEIS NOVOS;8;PEUGEOT;2008
41;HONDA/FIT;756;2021;5;AUTOMOVEIS NOVOS;6;HONDA;FIT
42;FORD/KA;753;2021;5;AUTOMOVEIS NOVOS;5;FORD;KA
43;NISSAN/V-DRIVE;667;2021;5;AUTOMOVEIS NOVOS;7;NISSAN;V-DRIVE
44;HONDA/CITY;657;2021;5;AUTOMOVEIS NOVOS;6;HONDA;CITY
45;CAOACHERY/TIGGO2;563;2021;5;AUTOMOVEIS NOVOS;10;CAOACHERY;TIGGO2
46;BMW/320I;557;2021;5;AUTOMOVEIS NOVOS;4;BMW;320I
47;RENAULT/CAPTUR;549;2021;5;AUTOMOVEIS NOVOS;8;RENAULT;CAPTUR
48;FIAT/DOBLO;537;2021;5;AUTOMOVEIS NOVOS;5;FIAT;DOBLO
49;VW/TIGUAN;483;2021;5;AUTOMOVEIS NOVOS;3;VW;TIGUAN
50;VOLVO/XC40;3;2021;5;AUTOMOVEIS NOVOS;6;VOLVO;XC40
1;FIAT/ARGO;9382;2021;6;AUTOMOVEIS NOVOS;5;FIAT;ARGO
2;HYUNDAI/HB20;7609;2021;6;AUTOMOVEIS NOVOS;8;HYUNDAI;HB20
3;FIAT/MOBI;7529;2021;6;AUTOMOVEIS NOVOS;5;FIAT;MOBI
4;JEEP/RENEGADE;7504;2021;6;AUTOMOVEIS NOVOS;5;JEEP;RENEGADE
5;RENAULT/KWID;6083;2021;6;AUTOMOVEIS NOVOS;8;RENAULT;KWID
6;JEEP/COMPASS;6046;2021;6;AUTOMOVEIS NOVOS;5;JEEP;COMPASS
7;HYUNDAI/CRETA;5902;2021;6;AUTOMOVEIS NOVOS;8;HYUNDAI;CRETA
8;FIAT/CRONOS;5404;2021;6;AUTOMOVEIS NOVOS;5;FIAT;CRONOS
9;VW/GOL;4742;2021;6;AUTOMOVEIS NOVOS;3;VW;GOL
10;TOYOTA/COROLLA-CROSS;4710;2021;6;AUTOMOVEIS NOVOS;7;TOYOTA;COROLLA-CROSS
11;TOYOTA/COROLLA;3544;2021;6;AUTOMOVEIS NOVOS;7;TOYOTA;COROLLA
12;VW/T-CROSS;3318;2021;6;AUTOMOVEIS NOVOS;3;VW;T-CROSS
13;NISSAN/KICKS;3250;2021;6;AUTOMOVEIS NOVOS;7;NISSAN;KICKS
14;VW/NIVUS;2823;2021;6;AUTOMOVEIS NOVOS;3;VW;NIVUS
15;FIAT/UNO;2632;2021;6;AUTOMOVEIS NOVOS;5;FIAT;UNO
16;HYUNDAI/HB20S;2579;2021;6;AUTOMOVEIS NOVOS;8;HYUNDAI;HB20S
17;GM/ONIX;2532;2021;6;AUTOMOVEIS NOVOS;3;GM;ONIX
18;HONDA/HR-V;2469;2021;6;AUTOMOVEIS NOVOS;6;HONDA;HR-V
19;RENAULT/DUSTER;2353;2021;6;AUTOMOVEIS NOVOS;8;RENAULT;DUSTER
20;CITROEN/C4-CACTUS;2151;2021;6;AUTOMOVEIS NOVOS;8;CITROEN;C4-CACTUS
21;TOYOTA/YARIS-HB;2046;2021;6;AUTOMOVEIS NOVOS;7;TOYOTA;YARIS-HB
22;GM/SPIN;2007;2021;6;AUTOMOVEIS NOVOS;3;GM;SPIN
23;VW/VIRTUS;1952;2021;6;AUTOMOVEIS NOVOS;3;VW;VIRTUS
24;HONDA/CIVIC;1939;2021;6;AUTOMOVEIS NOVOS;6;HONDA;CIVIC
25;PEUGEOT/208;1738;2021;6;AUTOMOVEIS NOVOS;8;PEUGEOT;208
26;VW/CROSSFOX;1625;2021;6;AUTOMOVEIS NOVOS;3;VW;CROSSFOX
27;VW/POLO;1554;2021;6;AUTOMOVEIS NOVOS;3;VW;POLO
28;VW/VOYAGE;1552;2021;6;AUTOMOVEIS NOVOS;3;VW;VOYAGE
29;RENAULT/SANDERO;1548;2021;6;AUTOMOVEIS NOVOS;8;RENAULT;SANDERO
30;GM/ONIX-PLUS;1525;2021;6;AUTOMOVEIS NOVOS;3;GM;ONIX-PLUS
31;TOYOTA/YARIS-SEDAN;1220;2021;6;AUTOMOVEIS NOVOS;7;TOYOTA;YARIS-SEDAN
32;TOYOTA/HILUX-SW4;1165;2021;6;AUTOMOVEIS NOVOS;7;TOYOTA;HILUX-SW4
33;GM/TRACKER;990;2021;6;AUTOMOVEIS NOVOS;3;GM;TRACKER
34;CAOACHERY/TIGGO5X;967;2021;6;AUTOMOVEIS NOVOS;10;CAOACHERY;TIGGO5X
35;CAOACHERY/TIGGO8;888;2021;6;AUTOMOVEIS NOVOS;10;CAOACHERY;TIGGO8
36;PEUGEOT/2008;830;2021;6;AUTOMOVEIS NOVOS;8;PEUGEOT;2008
37;FIAT/SIENA;829;2021;6;AUTOMOVEIS NOVOS;5;FIAT;SIENA
38;HONDA/FIT;795;2021;6;AUTOMOVEIS NOVOS;6;HONDA;FIT
39;FIAT/DOBLO;791;2021;6;AUTOMOVEIS NOVOS;5;FIAT;DOBLO
40;RENAULT/LOGAN;772;2021;6;AUTOMOVEIS NOVOS;8;RENAULT;LOGAN
41;NISSAN/VERSA;667;2021;6;AUTOMOVEIS NOVOS;7;NISSAN;VERSA
42;HONDA/CITY;616;2021;6;AUTOMOVEIS NOVOS;6;HONDA;CITY
43;HONDA/WR-V;588;2021;6;AUTOMOVEIS NOVOS;6;HONDA;WR-V
44;VW/TIGUAN;540;2021;6;AUTOMOVEIS NOVOS;3;VW;TIGUAN
45;RENAULT/CAPTUR;495;2021;6;AUTOMOVEIS NOVOS;8;RENAULT;CAPTUR
46;CAOACHERY/TIGGO2;489;2021;6;AUTOMOVEIS NOVOS;10;CAOACHERY;TIGGO2
47;M.BENZ/CLASSE-GLB;482;2021;6;AUTOMOVEIS NOVOS;7;M.BENZ;CLASSE-GLB
48;BMW/320I;475;2021;6;AUTOMOVEIS NOVOS;4;BMW;320I
49;VW/TAOS;463;2021;6;AUTOMOVEIS NOVOS;3;VW;TAOS
50;FORD/TERRITORY;4;2021;6;AUTOMOVEIS NOVOS;5;FORD;TERRITORY
1;FIAT/ARGO;10873;2021;7;AUTOMOVEIS NOVOS;5;FIAT;ARGO
2;FIAT/MOBI;8059;2021;7;AUTOMOVEIS NOVOS;5;FIAT;MOBI
3;HYUNDAI/HB20;7799;2021;7;AUTOMOVEIS NOVOS;8;HYUNDAI;HB20
4;JEEP/RENEGADE;6855;2021;7;AUTOMOVEIS NOVOS;5;JEEP;RENEGADE
5;JEEP/COMPASS;6670;2021;7;AUTOMOVEIS NOVOS;5;JEEP;COMPASS
6;TOYOTA/COROLLA-CROSS;5068;2021;7;AUTOMOVEIS NOVOS;7;TOYOTA;COROLLA-CROSS
7;RENAULT/KWID;4865;2021;7;AUTOMOVEIS NOVOS;8;RENAULT;KWID
8;HYUNDAI/CRETA;4268;2021;7;AUTOMOVEIS NOVOS;8;HYUNDAI;CRETA
9;TOYOTA/COROLLA;3925;2021;7;AUTOMOVEIS NOVOS;7;TOYOTA;COROLLA
10;VW/NIVUS;3505;2021;7;AUTOMOVEIS NOVOS;3;VW;NIVUS
11;VW/T-CROSS;3392;2021;7;AUTOMOVEIS NOVOS;3;VW;T-CROSS
12;NISSAN/KICKS;3029;2021;7;AUTOMOVEIS NOVOS;7;NISSAN;KICKS
13;FIAT/CRONOS;2586;2021;7;AUTOMOVEIS NOVOS;5;FIAT;CRONOS
14;RENAULT/DUSTER;2532;2021;7;AUTOMOVEIS NOVOS;8;RENAULT;DUSTER
15;HYUNDAI/HB20S;2408;2021;7;AUTOMOVEIS NOVOS;8;HYUNDAI;HB20S
16;HONDA/HR-V;2338;2021;7;AUTOMOVEIS NOVOS;6;HONDA;HR-V
17;CITROEN/C4-CACTUS;2285;2021;7;AUTOMOVEIS NOVOS;8;CITROEN;C4-CACTUS
18;TOYOTA/YARIS-HB;2285;2021;7;AUTOMOVEIS NOVOS;7;TOYOTA;YARIS-HB
19;VW/VIRTUS;1929;2021;7;AUTOMOVEIS NOVOS;3;VW;VIRTUS
20;VW/GOL;1805;2021;7;AUTOMOVEIS NOVOS;3;VW;GOL
21;HONDA/CIVIC;1785;2021;7;AUTOMOVEIS NOVOS;6;HONDA;CIVIC
22;PEUGEOT/208;1637;2021;7;AUTOMOVEIS NOVOS;8;PEUGEOT;208
23;RENAULT/SANDERO;1406;2021;7;AUTOMOVEIS NOVOS;8;RENAULT;SANDERO
24;FIAT/UNO;1403;2021;7;AUTOMOVEIS NOVOS;5;FIAT;UNO
25;FIAT/SIENA;1394;2021;7;AUTOMOVEIS NOVOS;5;FIAT;SIENA
26;VW/POLO;1392;2021;7;AUTOMOVEIS NOVOS;3;VW;POLO
27;GM/ONIX;1387;2021;7;AUTOMOVEIS NOVOS;3;GM;ONIX
28;VW/CROSSFOX;1321;2021;7;AUTOMOVEIS NOVOS;3;VW;CROSSFOX
29;TOYOTA/HILUX-SW4;1308;2021;7;AUTOMOVEIS NOVOS;7;TOYOTA;HILUX-SW4
30;TOYOTA/YARIS-SEDAN;1254;2021;7;AUTOMOVEIS NOVOS;7;TOYOTA;YARIS-SEDAN
31;GM/SPIN;1175;2021;7;AUTOMOVEIS NOVOS;3;GM;SPIN
32;NISSAN/V-DRIVE;1170;2021;7;AUTOMOVEIS NOVOS;7;NISSAN;V-DRIVE
33;CAOACHERY/TIGGO5X;1109;2021;7;AUTOMOVEIS NOVOS;10;CAOACHERY;TIGGO5X
34;VW/TAOS;1026;2021;7;AUTOMOVEIS NOVOS;3;VW;TAOS
35;PEUGEOT/2008;975;2021;7;AUTOMOVEIS NOVOS;8;PEUGEOT;2008
36;CAOACHERY/TIGGO8;906;2021;7;AUTOMOVEIS NOVOS;10;CAOACHERY;TIGGO8
37;HONDA/FIT;838;2021;7;AUTOMOVEIS NOVOS;6;HONDA;FIT
38;GM/CRUZE-SEDAN;817;2021;7;AUTOMOVEIS NOVOS;3;GM;CRUZE-SEDAN
39;FIAT/DOBLO;800;2021;7;AUTOMOVEIS NOVOS;5;FIAT;DOBLO
40;GM/ONIX-PLUS;707;2021;7;AUTOMOVEIS NOVOS;3;GM;ONIX-PLUS
41;HONDA/CITY;605;2021;7;AUTOMOVEIS NOVOS;6;HONDA;CITY
42;CAOACHERY/TIGGO2;539;2021;7;AUTOMOVEIS NOVOS;10;CAOACHERY;TIGGO2
43;CAOACHERY/TIGGO3X;515;2021;7;AUTOMOVEIS NOVOS;10;CAOACHERY;TIGGO3X
44;BMW/320I;506;2021;7;AUTOMOVEIS NOVOS;4;BMW;320I
45;M.BENZ/CLASSE-GLB;498;2021;7;AUTOMOVEIS NOVOS;7;M.BENZ;CLASSE-GLB
46;RENAULT/CAPTUR;473;2021;7;AUTOMOVEIS NOVOS;8;RENAULT;CAPTUR
47;RENAULT/LOGAN;457;2021;7;AUTOMOVEIS NOVOS;8;RENAULT;LOGAN
48;NISSAN/VERSA;448;2021;7;AUTOMOVEIS NOVOS;7;NISSAN;VERSA
49;GM/TRAILBLAZER;435;2021;7;AUTOMOVEIS NOVOS;3;GM;TRAILBLAZER
50;VOLVO/XC60;420;2021;7;AUTOMOVEIS NOVOS;6;VOLVO;XC60
1;FIAT/ARGO;7711;2021;8;AUTOMOVEIS NOVOS;5;FIAT;ARGO
2;FIAT/MOBI;7538;2021;8;AUTOMOVEIS NOVOS;5;FIAT;MOBI
3;JEEP/COMPASS;6819;2021;8;AUTOMOVEIS NOVOS;5;JEEP;COMPASS
4;HYUNDAI/HB20;6795;2021;8;AUTOMOVEIS NOVOS;8;HYUNDAI;HB20
5;JEEP/RENEGADE;6710;2021;8;AUTOMOVEIS NOVOS;5;JEEP;RENEGADE
6;VW/T-CROSS;6698;2021;8;AUTOMOVEIS NOVOS;3;VW;T-CROSS
7;HYUNDAI/CRETA;4822;2021;8;AUTOMOVEIS NOVOS;8;HYUNDAI;CRETA
8;TOYOTA/COROLLA-CROSS;4789;2021;8;AUTOMOVEIS NOVOS;7;TOYOTA;COROLLA-CROSS
9;TOYOTA/COROLLA;4354;2021;8;AUTOMOVEIS NOVOS;7;TOYOTA;COROLLA
10;VW/GOL;4082;2021;8;AUTOMOVEIS NOVOS;3;VW;GOL
11;HONDA/HR-V;3878;2021;8;AUTOMOVEIS NOVOS;6;HONDA;HR-V
12;RENAULT/KWID;3764;2021;8;AUTOMOVEIS NOVOS;8;RENAULT;KWID
13;VW/NIVUS;3626;2021;8;AUTOMOVEIS NOVOS;3;VW;NIVUS
14;NISSAN/KICKS;2955;2021;8;AUTOMOVEIS NOVOS;7;NISSAN;KICKS
15;HYUNDAI/HB20S;2197;2021;8;AUTOMOVEIS NOVOS;8;HYUNDAI;HB20S
16;FIAT/UNO;1894;2021;8;AUTOMOVEIS NOVOS;5;FIAT;UNO
17;FIAT/CRONOS;1855;2021;8;AUTOMOVEIS NOVOS;5;FIAT;CRONOS
18;CITROEN/C4-CACTUS;1690;2021;8;AUTOMOVEIS NOVOS;8;CITROEN;C4-CACTUS
19;TOYOTA/YARIS-HB;1655;2021;8;AUTOMOVEIS NOVOS;7;TOYOTA;YARIS-HB
20;VW/VOYAGE;1594;2021;8;AUTOMOVEIS NOVOS;3;VW;VOYAGE
21;HONDA/CIVIC;1578;2021;8;AUTOMOVEIS NOVOS;6;HONDA;CIVIC
22;CAOACHERY/TIGGO5X;1495;2021;8;AUTOMOVEIS NOVOS;10;CAOACHERY;TIGGO5X
23;VW/VIRTUS;1458;2021;8;AUTOMOVEIS NOVOS;3;VW;VIRTUS
24;FIAT/SIENA;1391;2021;8;AUTOMOVEIS NOVOS;5;FIAT;SIENA
25;CAOACHERY/TIGGO8;1383;2021;8;AUTOMOVEIS NOVOS;10;CAOACHERY;TIGGO8
26;GM/TRACKER;1293;2021;8;AUTOMOVEIS NOVOS;3;GM;TRACKER
27;PEUGEOT/208;1220;2021;8;AUTOMOVEIS NOVOS;8;PEUGEOT;208
28;TOYOTA/HILUX-SW4;1212;2021;8;AUTOMOVEIS NOVOS;7;TOYOTA;HILUX-SW4
29;HONDA/WR-V;1131;2021;8;AUTOMOVEIS NOVOS;6;HONDA;WR-V
30;VW/TAOS;1070;2021;8;AUTOMOVEIS NOVOS;3;VW;TAOS
31;TOYOTA/YARIS-SEDAN;971;2021;8;AUTOMOVEIS NOVOS;7;TOYOTA;YARIS-SEDAN
32;RENAULT/DUSTER;945;2021;8;AUTOMOVEIS NOVOS;8;RENAULT;DUSTER
33;VW/POLO;937;2021;8;AUTOMOVEIS NOVOS;3;VW;POLO
34;GM/CRUZE-SEDAN;933;2021;8;AUTOMOVEIS NOVOS;3;GM;CRUZE-SEDAN
35;VW/CROSSFOX;926;2021;8;AUTOMOVEIS NOVOS;3;VW;CROSSFOX
36;RENAULT/SANDERO;903;2021;8;AUTOMOVEIS NOVOS;8;RENAULT;SANDERO
37;HONDA/CITY;848;2021;8;AUTOMOVEIS NOVOS;6;HONDA;CITY
38;FIAT/DOBLO;754;2021;8;AUTOMOVEIS NOVOS;5;FIAT;DOBLO
39;PEUGEOT/2008;655;2021;8;AUTOMOVEIS NOVOS;8;PEUGEOT;2008
40;CAOACHERY/TIGGO3X;635;2021;8;AUTOMOVEIS NOVOS;10;CAOACHERY;TIGGO3X
41;RENAULT/CAPTUR;576;2021;8;AUTOMOVEIS NOVOS;8;RENAULT;CAPTUR
42;HONDA/FIT;569;2021;8;AUTOMOVEIS NOVOS;6;HONDA;FIT
43;RENAULT/LOGAN;518;2021;8;AUTOMOVEIS NOVOS;8;RENAULT;LOGAN
44;BMW/320I;515;2021;8;AUTOMOVEIS NOVOS;4;BMW;320I
45;VOLVO/XC60;459;2021;8;AUTOMOVEIS NOVOS;6;VOLVO;XC60
46;NISSAN/V-DRIVE;451;2021;8;AUTOMOVEIS NOVOS;7;NISSAN;V-DRIVE
47;GM/SPIN;435;2021;8;AUTOMOVEIS NOVOS;3;GM;SPIN
48;CAOACHERY/TIGGO7;412;2021;8;AUTOMOVEIS NOVOS;10;CAOACHERY;TIGGO7
49;GM/ONIX;410;2021;8;AUTOMOVEIS NOVOS;3;GM;ONIX
50;GM/TRAILBLAZER;403;2021;8;AUTOMOVEIS NOVOS;3;GM;TRAILBLAZER
1;HYUNDAI/HB20;7147;2021;9;AUTOMOVEIS NOVOS;8;HYUNDAI;HB20
2;JEEP/COMPASS;6823;2021;9;AUTOMOVEIS NOVOS;5;JEEP;COMPASS
3;VW/T-CROSS;5733;2021;9;AUTOMOVEIS NOVOS;3;VW;T-CROSS
4;FIAT/ARGO;4911;2021;9;AUTOMOVEIS NOVOS;5;FIAT;ARGO
5;FIAT/MOBI;4574;2021;9;AUTOMOVEIS NOVOS;5;FIAT;MOBI
6;HYUNDAI/CRETA;4550;2021;9;AUTOMOVEIS NOVOS;8;HYUNDAI;CRETA
7;JEEP/RENEGADE;4503;2021;9;AUTOMOVEIS NOVOS;5;JEEP;RENEGADE
8;GM/ONIX;4311;2021;9;AUTOMOVEIS NOVOS;3;GM;ONIX
9;GM/TRACKER;3936;2021;9;AUTOMOVEIS NOVOS;3;GM;TRACKER
10;GM/ONIX-PLUS;3747;2021;9;AUTOMOVEIS NOVOS;3;GM;ONIX-PLUS
11;HONDA/HR-V;3502;2021;9;AUTOMOVEIS NOVOS;6;HONDA;HR-V
12;VW/NIVUS;3356;2021;9;AUTOMOVEIS NOVOS;3;VW;NIVUS
13;VW/GOL;3141;2021;9;AUTOMOVEIS NOVOS;3;VW;GOL
14;TOYOTA/COROLLA-CROSS;3050;2021;9;AUTOMOVEIS NOVOS;7;TOYOTA;COROLLA-CROSS
15;NISSAN/KICKS;2903;2021;9;AUTOMOVEIS NOVOS;7;NISSAN;KICKS
16;VW/CROSSFOX;2341;2021;9;AUTOMOVEIS NOVOS;3;VW;CROSSFOX
17;FIAT/CRONOS;2302;2021;9;AUTOMOVEIS NOVOS;5;FIAT;CRONOS
18;TOYOTA/COROLLA;2280;2021;9;AUTOMOVEIS NOVOS;7;TOYOTA;COROLLA
19;HYUNDAI/HB20S;2269;2021;9;AUTOMOVEIS NOVOS;8;HYUNDAI;HB20S
20;RENAULT/KWID;1963;2021;9;AUTOMOVEIS NOVOS;8;RENAULT;KWID
21;HONDA/CIVIC;1891;2021;9;AUTOMOVEIS NOVOS;6;HONDA;CIVIC
22;PEUGEOT/208;1697;2021;9;AUTOMOVEIS NOVOS;8;PEUGEOT;208
23;CITROEN/C4-CACTUS;1542;2021;9;AUTOMOVEIS NOVOS;8;CITROEN;C4-CACTUS
24;VW/VIRTUS;1241;2021;9;AUTOMOVEIS NOVOS;3;VW;VIRTUS
25;FIAT/SIENA;1192;2021;9;AUTOMOVEIS NOVOS;5;FIAT;SIENA
26;TOYOTA/HILUX-SW4;1155;2021;9;AUTOMOVEIS NOVOS;7;TOYOTA;HILUX-SW4
27;HONDA/WR-V;1125;2021;9;AUTOMOVEIS NOVOS;6;HONDA;WR-V
28;CAOACHERY/TIGGO5X;1122;2021;9;AUTOMOVEIS NOVOS;10;CAOACHERY;TIGGO5X
29;VW/TAOS;1092;2021;9;AUTOMOVEIS NOVOS;3;VW;TAOS
30;CAOACHERY/TIGGO8;1063;2021;9;AUTOMOVEIS NOVOS;10;CAOACHERY;TIGGO8
31;RENAULT/DUSTER;1056;2021;9;AUTOMOVEIS NOVOS;8;RENAULT;DUSTER
32;TOYOTA/YARIS-HB;1026;2021;9;AUTOMOVEIS NOVOS;7;TOYOTA;YARIS-HB
33;VW/VOYAGE;872;2021;9;AUTOMOVEIS NOVOS;3;VW;VOYAGE
34;CAOACHERY/TIGGO3X;799;2021;9;AUTOMOVEIS NOVOS;10;CAOACHERY;TIGGO3X
35;VW/POLO;759;2021;9;AUTOMOVEIS NOVOS;3;VW;POLO
36;NISSAN/VERSA;683;2021;9;AUTOMOVEIS NOVOS;7;NISSAN;VERSA
37;GM/CRUZE-SEDAN;659;2021;9;AUTOMOVEIS NOVOS;3;GM;CRUZE-SEDAN
38;HONDA/CITY;652;2021;9;AUTOMOVEIS NOVOS;6;HONDA;CITY
39;TOYOTA/YARIS-SEDAN;598;2021;9;AUTOMOVEIS NOVOS;7;TOYOTA;YARIS-SEDAN
40;RENAULT/CAPTUR;594;2021;9;AUTOMOVEIS NOVOS;8;RENAULT;CAPTUR
41;FIAT/DOBLO;506;2021;9;AUTOMOVEIS NOVOS;5;FIAT;DOBLO
42;RENAULT/SANDERO;490;2021;9;AUTOMOVEIS NOVOS;8;RENAULT;SANDERO
43;CAOACHERY/TIGGO7;468;2021;9;AUTOMOVEIS NOVOS;10;CAOACHERY;TIGGO7
44;GM/SPIN;460;2021;9;AUTOMOVEIS NOVOS;3;GM;SPIN
45;BMW/X1;451;2021;9;AUTOMOVEIS NOVOS;4;BMW;X1
46;HONDA/FIT;450;2021;9;AUTOMOVEIS NOVOS;6;HONDA;FIT
47;VOLVO/XC60;444;2021;9;AUTOMOVEIS NOVOS;6;VOLVO;XC60
48;BMW/320I;437;2021;9;AUTOMOVEIS NOVOS;4;BMW;320I
49;GM/TRAILBLAZER;391;2021;9;AUTOMOVEIS NOVOS;3;GM;TRAILBLAZER
50;RENAULT/LOGAN;375;2021;9;AUTOMOVEIS NOVOS;8;RENAULT;LOGAN
1;FIAT/ARGO;8381;2021;10;AUTOMOVEIS NOVOS;5;FIAT;ARGO
2;JEEP/RENEGADE;6723;2021;10;AUTOMOVEIS NOVOS;5;JEEP;RENEGADE
3;JEEP/COMPASS;6097;2021;10;AUTOMOVEIS NOVOS;5;JEEP;COMPASS
4;VW/T-CROSS;6008;2021;10;AUTOMOVEIS NOVOS;3;VW;T-CROSS
5;HYUNDAI/HB20;5844;2021;10;AUTOMOVEIS NOVOS;8;HYUNDAI;HB20
6;HYUNDAI/CRETA;5492;2021;10;AUTOMOVEIS NOVOS;8;HYUNDAI;CRETA
7;GM/ONIX;5157;2021;10;AUTOMOVEIS NOVOS;3;GM;ONIX
8;VW/GOL;5039;2021;10;AUTOMOVEIS NOVOS;3;VW;GOL
9;GM/ONIX-PLUS;4494;2021;10;AUTOMOVEIS NOVOS;3;GM;ONIX-PLUS
10;GM/TRACKER;4151;2021;10;AUTOMOVEIS NOVOS;3;GM;TRACKER
11;VW/NIVUS;3485;2021;10;AUTOMOVEIS NOVOS;3;VW;NIVUS
12;HONDA/HR-V;3381;2021;10;AUTOMOVEIS NOVOS;6;HONDA;HR-V
13;TOYOTA/COROLLA;3014;2021;10;AUTOMOVEIS NOVOS;7;TOYOTA;COROLLA
14;TOYOTA/COROLLA-CROSS;2999;2021;10;AUTOMOVEIS NOVOS;7;TOYOTA;COROLLA-CROSS
15;VW/VOYAGE;2968;2021;10;AUTOMOVEIS NOVOS;3;VW;VOYAGE
16;FIAT/MOBI;2945;2021;10;AUTOMOVEIS NOVOS;5;FIAT;MOBI
17;FIAT/CRONOS;2816;2021;10;AUTOMOVEIS NOVOS;5;FIAT;CRONOS
18;RENAULT/KWID;2655;2021;10;AUTOMOVEIS NOVOS;8;RENAULT;KWID
19;NISSAN/KICKS;2337;2021;10;AUTOMOVEIS NOVOS;7;NISSAN;KICKS
20;PEUGEOT/208;2270;2021;10;AUTOMOVEIS NOVOS;8;PEUGEOT;208
21;HYUNDAI/HB20S;1716;2021;10;AUTOMOVEIS NOVOS;8;HYUNDAI;HB20S
22;VW/TAOS;1682;2021;10;AUTOMOVEIS NOVOS;3;VW;TAOS
23;HONDA/CIVIC;1657;2021;10;AUTOMOVEIS NOVOS;6;HONDA;CIVIC
24;VW/CROSSFOX;1596;2021;10;AUTOMOVEIS NOVOS;3;VW;CROSSFOX
25;CITROEN/C4-CACTUS;1556;2021;10;AUTOMOVEIS NOVOS;8;CITROEN;C4-CACTUS
26;VW/VIRTUS;1409;2021;10;AUTOMOVEIS NOVOS;3;VW;VIRTUS
27;RENAULT/DUSTER;1408;2021;10;AUTOMOVEIS NOVOS;8;RENAULT;DUSTER
28;CAOACHERY/TIGGO5X;1391;2021;10;AUTOMOVEIS NOVOS;10;CAOACHERY;TIGGO5X
29;RENAULT/CAPTUR;1193;2021;10;AUTOMOVEIS NOVOS;8;RENAULT;CAPTUR
30;TOYOTA/HILUX-SW4;1149;2021;10;AUTOMOVEIS NOVOS;7;TOYOTA;HILUX-SW4
31;CAOACHERY/TIGGO8;1104;2021;10;AUTOMOVEIS NOVOS;10;CAOACHERY;TIGGO8
32;TOYOTA/YARIS-HB;1087;2021;10;AUTOMOVEIS NOVOS;7;TOYOTA;YARIS-HB
33;VW/POLO;1040;2021;10;AUTOMOVEIS NOVOS;3;VW;POLO
34;CAOACHERY/TIGGO3X;970;2021;10;AUTOMOVEIS NOVOS;10;CAOACHERY;TIGGO3X
35;FIAT/SIENA;946;2021;10;AUTOMOVEIS NOVOS;5;FIAT;SIENA
36;NISSAN/VERSA;945;2021;10;AUTOMOVEIS NOVOS;7;NISSAN;VERSA
37;HONDA/WR-V;734;2021;10;AUTOMOVEIS NOVOS;6;HONDA;WR-V
38;GM/SPIN;612;2021;10;AUTOMOVEIS NOVOS;3;GM;SPIN
39;CAOACHERY/TIGGO7;596;2021;10;AUTOMOVEIS NOVOS;10;CAOACHERY;TIGGO7
40;TOYOTA/YARIS-SEDAN;557;2021;10;AUTOMOVEIS NOVOS;7;TOYOTA;YARIS-SEDAN
41;HONDA/FIT;512;2021;10;AUTOMOVEIS NOVOS;6;HONDA;FIT
42;GM/CRUZE-SEDAN;480;2021;10;AUTOMOVEIS NOVOS;3;GM;CRUZE-SEDAN
43;RENAULT/SANDERO;424;2021;10;AUTOMOVEIS NOVOS;8;RENAULT;SANDERO
44;BMW/320I;417;2021;10;AUTOMOVEIS NOVOS;4;BMW;320I
45;JEEP/COMMANDER;372;2021;10;AUTOMOVEIS NOVOS;5;JEEP;COMMANDER
46;RENAULT/LOGAN;370;2021;10;AUTOMOVEIS NOVOS;8;RENAULT;LOGAN
47;BMW/X1;365;2021;10;AUTOMOVEIS NOVOS;4;BMW;X1
48;FIAT/UNO;363;2021;10;AUTOMOVEIS NOVOS;5;FIAT;UNO
49;VOLVO/XC60;331;2021;10;AUTOMOVEIS NOVOS;6;VOLVO;XC60
50;PEUGEOT/2008;310;2021;10;AUTOMOVEIS NOVOS;8;PEUGEOT;2008
1;GM/ONIX;9327;2021;11;AUTOMOVEIS NOVOS;3;GM;ONIX
2;GM/ONIX-PLUS;7521;2021;11;AUTOMOVEIS NOVOS;3;GM;ONIX-PLUS
3;VW/GOL;6866;2021;11;AUTOMOVEIS NOVOS;3;VW;GOL
4;FIAT/ARGO;6340;2021;11;AUTOMOVEIS NOVOS;5;FIAT;ARGO
5;HYUNDAI/CRETA;6099;2021;11;AUTOMOVEIS NOVOS;8;HYUNDAI;CRETA
6;GM/TRACKER;6073;2021;11;AUTOMOVEIS NOVOS;3;GM;TRACKER
7;HYUNDAI/HB20;5540;2021;11;AUTOMOVEIS NOVOS;8;HYUNDAI;HB20
8;JEEP/COMPASS;5287;2021;11;AUTOMOVEIS NOVOS;5;JEEP;COMPASS
9;VW/T-CROSS;4725;2021;11;AUTOMOVEIS NOVOS;3;VW;T-CROSS
10;JEEP/RENEGADE;4233;2021;11;AUTOMOVEIS NOVOS;5;JEEP;RENEGADE
11;RENAULT/KWID;3712;2021;11;AUTOMOVEIS NOVOS;8;RENAULT;KWID
12;NISSAN/KICKS;3556;2021;11;AUTOMOVEIS NOVOS;7;NISSAN;KICKS
13;FIAT/CRONOS;3545;2021;11;AUTOMOVEIS NOVOS;5;FIAT;CRONOS
14;TOYOTA/COROLLA;3505;2021;11;AUTOMOVEIS NOVOS;7;TOYOTA;COROLLA
15;TOYOTA/COROLLA-CROSS;3454;2021;11;AUTOMOVEIS NOVOS;7;TOYOTA;COROLLA-CROSS
16;VW/VOYAGE;3357;2021;11;AUTOMOVEIS NOVOS;3;VW;VOYAGE
17;HONDA/HR-V;2868;2021;11;AUTOMOVEIS NOVOS;6;HONDA;HR-V
18;CITROEN/C4-CACTUS;2457;2021;11;AUTOMOVEIS NOVOS;8;CITROEN;C4-CACTUS
19;FIAT/PULSE;2228;2021;11;AUTOMOVEIS NOVOS;5;FIAT;PULSE
20;HYUNDAI/HB20S;2011;2021;11;AUTOMOVEIS NOVOS;8;HYUNDAI;HB20S
21;NISSAN/VERSA;1913;2021;11;AUTOMOVEIS NOVOS;7;NISSAN;VERSA
22;RENAULT/DUSTER;1764;2021;11;AUTOMOVEIS NOVOS;8;RENAULT;DUSTER
23;PEUGEOT/208;1653;2021;11;AUTOMOVEIS NOVOS;8;PEUGEOT;208
24;HONDA/CIVIC;1588;2021;11;AUTOMOVEIS NOVOS;6;HONDA;CIVIC
25;FIAT/SIENA;1499;2021;11;AUTOMOVEIS NOVOS;5;FIAT;SIENA
26;GM/CRUZE-SEDAN;1334;2021;11;AUTOMOVEIS NOVOS;3;GM;CRUZE-SEDAN
27;TOYOTA/YARIS-HB;1286;2021;11;AUTOMOVEIS NOVOS;7;TOYOTA;YARIS-HB
28;VW/NIVUS;1251;2021;11;AUTOMOVEIS NOVOS;3;VW;NIVUS
29;TOYOTA/HILUX-SW4;1215;2021;11;AUTOMOVEIS NOVOS;7;TOYOTA;HILUX-SW4
30;JEEP/COMMANDER;1085;2021;11;AUTOMOVEIS NOVOS;5;JEEP;COMMANDER
31;CAOACHERY/TIGGO5X;1023;2021;11;AUTOMOVEIS NOVOS;10;CAOACHERY;TIGGO5X
32;CAOACHERY/TIGGO8;972;2021;11;AUTOMOVEIS NOVOS;10;CAOACHERY;TIGGO8
33;VW/TAOS;936;2021;11;AUTOMOVEIS NOVOS;3;VW;TAOS
34;PEUGEOT/2008;895;2021;11;AUTOMOVEIS NOVOS;8;PEUGEOT;2008
35;HONDA/WR-V;848;2021;11;AUTOMOVEIS NOVOS;6;HONDA;WR-V
36;RENAULT/CAPTUR;834;2021;11;AUTOMOVEIS NOVOS;8;RENAULT;CAPTUR
37;GM/SPIN;758;2021;11;AUTOMOVEIS NOVOS;3;GM;SPIN
38;CAOACHERY/TIGGO3X;743;2021;11;AUTOMOVEIS NOVOS;10;CAOACHERY;TIGGO3X
39;VW/VIRTUS;738;2021;11;AUTOMOVEIS NOVOS;3;VW;VIRTUS
40;TOYOTA/YARIS-SEDAN;661;2021;11;AUTOMOVEIS NOVOS;7;TOYOTA;YARIS-SEDAN
41;RENAULT/LOGAN;651;2021;11;AUTOMOVEIS NOVOS;8;RENAULT;LOGAN
42;FIAT/MOBI;638;2021;11;AUTOMOVEIS NOVOS;5;FIAT;MOBI
43;VW/POLO;579;2021;11;AUTOMOVEIS NOVOS;3;VW;POLO
44;RENAULT/SANDERO;578;2021;11;AUTOMOVEIS NOVOS;8;RENAULT;SANDERO
45;CAOACHERY/TIGGO7;423;2021;11;AUTOMOVEIS NOVOS;10;CAOACHERY;TIGGO7
46;VOLVO/XC40;394;2021;11;AUTOMOVEIS NOVOS;6;VOLVO;XC40
47;LANDROVER/DISCOVERY;393;2021;11;AUTOMOVEIS NOVOS;10;LANDROVER;DISCOVERY
48;HONDA/FIT;390;2021;11;AUTOMOVEIS NOVOS;6;HONDA;FIT
49;CAOACHERY/ARRIZO6;369;2021;11;AUTOMOVEIS NOVOS;10;CAOACHERY;ARRIZO6
50;BMW/320I;362;2021;11;AUTOMOVEIS NOVOS;4;BMW;320I
1;GM/ONIX;11529;2021;12;AUTOMOVEIS NOVOS;3;GM;ONIX
2;GM/ONIX-PLUS;9105;2021;12;AUTOMOVEIS NOVOS;3;GM;ONIX-PLUS
3;VW/GOL;8329;2021;12;AUTOMOVEIS NOVOS;3;VW;GOL
4;GM/TRACKER;7936;2021;12;AUTOMOVEIS NOVOS;3;GM;TRACKER
5;HYUNDAI/HB20;7926;2021;12;AUTOMOVEIS NOVOS;8;HYUNDAI;HB20
6;RENAULT/KWID;6775;2021;12;AUTOMOVEIS NOVOS;8;RENAULT;KWID
7;JEEP/COMPASS;6668;2021;12;AUTOMOVEIS NOVOS;5;JEEP;COMPASS
8;VW/T-CROSS;6574;2021;12;AUTOMOVEIS NOVOS;3;VW;T-CROSS
9;HYUNDAI/CRETA;6038;2021;12;AUTOMOVEIS NOVOS;8;HYUNDAI;CRETA
10;TOYOTA/COROLLA;4922;2021;12;AUTOMOVEIS NOVOS;7;TOYOTA;COROLLA
11;VW/VOYAGE;4588;2021;12;AUTOMOVEIS NOVOS;3;VW;VOYAGE
12;TOYOTA/COROLLA-CROSS;4581;2021;12;AUTOMOVEIS NOVOS;7;TOYOTA;COROLLA-CROSS
13;FIAT/CRONOS;4535;2021;12;AUTOMOVEIS NOVOS;5;FIAT;CRONOS
14;FIAT/ARGO;4509;2021;12;AUTOMOVEIS NOVOS;5;FIAT;ARGO
15;FIAT/PULSE;4432;2021;12;AUTOMOVEIS NOVOS;5;FIAT;PULSE
16;JEEP/RENEGADE;4293;2021;12;AUTOMOVEIS NOVOS;5;JEEP;RENEGADE
17;HONDA/HR-V;3696;2021;12;AUTOMOVEIS NOVOS;6;HONDA;HR-V
18;HYUNDAI/HB20S;2876;2021;12;AUTOMOVEIS NOVOS;8;HYUNDAI;HB20S
19;FIAT/MOBI;2744;2021;12;AUTOMOVEIS NOVOS;5;FIAT;MOBI
20;CITROEN/C4-CACTUS;2721;2021;12;AUTOMOVEIS NOVOS;8;CITROEN;C4-CACTUS
21;NISSAN/KICKS;2578;2021;12;AUTOMOVEIS NOVOS;7;NISSAN;KICKS
22;JEEP/COMMANDER;2185;2021;12;AUTOMOVEIS NOVOS;5;JEEP;COMMANDER
23;FIAT/SIENA;2138;2021;12;AUTOMOVEIS NOVOS;5;FIAT;SIENA
24;PEUGEOT/208;1814;2021;12;AUTOMOVEIS NOVOS;8;PEUGEOT;208
25;RENAULT/DUSTER;1803;2021;12;AUTOMOVEIS NOVOS;8;RENAULT;DUSTER
26;HONDA/CIVIC;1697;2021;12;AUTOMOVEIS NOVOS;6;HONDA;CIVIC
27;TOYOTA/HILUX-SW4;1568;2021;12;AUTOMOVEIS NOVOS;7;TOYOTA;HILUX-SW4
28;GM/SPIN;1538;2021;12;AUTOMOVEIS NOVOS;3;GM;SPIN
29;TOYOTA/YARIS-HB;1538;2021;12;AUTOMOVEIS NOVOS;7;TOYOTA;YARIS-HB
30;VW/NIVUS;1508;2021;12;AUTOMOVEIS NOVOS;3;VW;NIVUS
31;VW/TAOS;1462;2021;12;AUTOMOVEIS NOVOS;3;VW;TAOS
32;PEUGEOT/2008;1325;2021;12;AUTOMOVEIS NOVOS;8;PEUGEOT;2008
33;CAOACHERY/TIGGO8;1272;2021;12;AUTOMOVEIS NOVOS;10;CAOACHERY;TIGGO8
34;NISSAN/VERSA;1264;2021;12;AUTOMOVEIS NOVOS;7;NISSAN;VERSA
35;RENAULT/CAPTUR;1146;2021;12;AUTOMOVEIS NOVOS;8;RENAULT;CAPTUR
36;FIAT/UNO;1135;2021;12;AUTOMOVEIS NOVOS;5;FIAT;UNO
37;HONDA/WR-V;1096;2021;12;AUTOMOVEIS NOVOS;6;HONDA;WR-V
38;GM/CRUZE-SEDAN;961;2021;12;AUTOMOVEIS NOVOS;3;GM;CRUZE-SEDAN
39;CAOACHERY/TIGGO5X;899;2021;12;AUTOMOVEIS NOVOS;10;CAOACHERY;TIGGO5X
40;RENAULT/LOGAN;874;2021;12;AUTOMOVEIS NOVOS;8;RENAULT;LOGAN
41;CAOACHERY/TIGGO3X;825;2021;12;AUTOMOVEIS NOVOS;10;CAOACHERY;TIGGO3X
42;TOYOTA/YARIS-SEDAN;808;2021;12;AUTOMOVEIS NOVOS;7;TOYOTA;YARIS-SEDAN
43;RENAULT/SANDERO;776;2021;12;AUTOMOVEIS NOVOS;8;RENAULT;SANDERO
44;VW/VIRTUS;770;2021;12;AUTOMOVEIS NOVOS;3;VW;VIRTUS
45;VOLVO/XC40;620;2021;12;AUTOMOVEIS NOVOS;6;VOLVO;XC40
46;M.BENZ/CLASSE-GLB;485;2021;12;AUTOMOVEIS NOVOS;7;M.BENZ;CLASSE-GLB
47;HONDA/FIT;430;2021;12;AUTOMOVEIS NOVOS;6;HONDA;FIT
48;BMW/320I;362;2021;12;AUTOMOVEIS NOVOS;4;BMW;320I
49;BMW/X1;348;2021;12;AUTOMOVEIS NOVOS;4;BMW;X1
50;CAOACHERY/ARRIZO6;330;2021;12;AUTOMOVEIS NOVOS;10;CAOACHERY;ARRIZO6
